"","route_id","stop_sequence","stop_id","stop_name","stop_lat","stop_lon","direction_id","mean_duration","station_id"
"1","1","01","140","South Ferry Loop",40.701411,-74.013205,0,0,"s101"
"2","1","010","131","18 St",40.74104,-73.997871,0,1,"s1010"
"3","1","011","130","23 St",40.744081,-73.995657,0,1,"s1011"
"4","1","012","129","28 St",40.747215,-73.993365,0,1.25,"s1012"
"5","1","013","128","34 St - Penn Station",40.750373,-73.991057,0,1.25,"s1013"
"6","1","014","127","Times Sq - 42 St",40.75529,-73.987495,0,1.75,"s1014"
"7","1","015","126","50 St",40.761728,-73.983849,0,2,"s1015"
"8","1","016","125","59 St - Columbus Circle",40.768247,-73.981929,0,2.25,"s1016"
"9","1","017","124","66 St - Lincoln Center",40.77344,-73.982209,0,1.5,"s1017"
"10","1","018","123","72 St",40.778453,-73.98197,0,1.25,"s1018"
"11","1","019","122","79 St",40.783934,-73.979917,0,1.75,"s1019"
"12","1","02","139","Rector St",40.707513,-74.013783,0,2.5,"s102"
"13","1","020","121","86 St",40.788644,-73.976218,0,1.25,"s1020"
"14","1","021","120","96 St",40.793919,-73.972323,0,1.75,"s1021"
"15","1","022","119","103 St",40.799446,-73.968379,0,1.5,"s1022"
"16","1","023","118","Cathedral Pkwy",40.803967,-73.966847,0,1.5,"s1023"
"17","1","024","117","116 St - Columbia University",40.807722,-73.96411,0,1,"s1024"
"18","1","025","116","125 St",40.815581,-73.958372,0,2.25,"s1025"
"19","1","026","115","137 St - City College",40.822008,-73.953676,0,2,"s1026"
"20","1","027","114","145 St",40.826551,-73.95036,0,1.5,"s1027"
"21","1","028","113","157 St",40.834041,-73.94489,0,2,"s1028"
"22","1","029","112","168 St - Washington Hts",40.840556,-73.940133,0,1.75,"s1029"
"23","1","03","138","Cortlandt St",40.711835,-74.012188,0,1,"s103"
"24","1","030","111","181 St",40.849505,-73.933596,0,2,"s1030"
"25","1","031","110","191 St",40.855225,-73.929412,0,1.5,"s1031"
"26","1","032","109","Dyckman St",40.860531,-73.925536,0,1.875,"s1032"
"27","1","033","108","207 St",40.864621,-73.918822,0,2.5,"s1033"
"28","1","034","107","215 St",40.869444,-73.915279,0,1.5,"s1034"
"29","1","035","106","Marble Hill - 225 St",40.874561,-73.909831,0,1.75,"s1035"
"30","1","036","104","231 St",40.878856,-73.904834,0,2,"s1036"
"31","1","037","103","238 St",40.884667,-73.90087,0,4.29166666666667,"s1037"
"32","1","038","101","Van Cortlandt Park - 242 St",40.889248,-73.898583,0,4.29166666666667,"s1038"
"33","1","04","137","Chambers St",40.715478,-74.009266,0,2,"s104"
"34","1","05","136","Franklin St",40.719318,-74.006886,0,2.25,"s105"
"35","1","06","135","Canal St",40.722854,-74.006277,0,1,"s106"
"36","1","07","134","Houston St",40.728251,-74.005367,0,1.75,"s107"
"37","1","08","133","Christopher St - Sheridan Sq",40.733422,-74.002906,0,1.75,"s108"
"38","1","09","132","14 St",40.737826,-74.000201,0,1.75,"s109"
"39","2","01","247","Flatbush Av - Brooklyn College",40.632836,-73.947642,0,0,"s201"
"40","2","010","237","Grand Army Plaza",40.675235,-73.971046,0,1.5,"s2010"
"41","2","011","236","Bergen St",40.680829,-73.975098,0,2,"s2011"
"42","2","012","235","Atlantic Av - Barclays Ctr",40.684359,-73.977666,0,1.25,"s2012"
"43","2","013","234","Nevins St",40.688246,-73.980492,0,2.5,"s2013"
"44","2","014","233","Hoyt St",40.690545,-73.985065,0,2.5,"s2014"
"45","2","015","232","Borough Hall",40.693219,-73.989998,0,1.5,"s2015"
"46","2","016","231","Clark St",40.697466,-73.993086,0,1.5,"s2016"
"47","2","017","230","Wall St",40.706821,-74.0091,0,3.25,"s2017"
"48","2","018","229","Fulton St",40.709416,-74.006571,0,1,"s2018"
"49","2","019","228","Park Pl",40.713051,-74.008811,0,2.25,"s2019"
"50","2","02","246","Newkirk Av",40.639967,-73.948411,0,2,"s202"
"51","2","020","137","Chambers St",40.715478,-74.009266,0,1.75,"s104"
"52","2","021","136","Franklin St",40.719318,-74.006886,0,2.25,"s105"
"53","2","022","135","Canal St",40.722854,-74.006277,0,1,"s106"
"54","2","023","134","Houston St",40.728251,-74.005367,0,1.5,"s107"
"55","2","024","133","Christopher St - Sheridan Sq",40.733422,-74.002906,0,1.5,"s108"
"56","2","025","132","14 St",40.737826,-74.000201,0,1.5,"s109"
"57","2","026","131","18 St",40.74104,-73.997871,0,1,"s1010"
"58","2","027","130","23 St",40.744081,-73.995657,0,1,"s1011"
"59","2","028","129","28 St",40.747215,-73.993365,0,1,"s1012"
"60","2","029","128","34 St - Penn Station",40.750373,-73.991057,0,1.5,"s1013"
"61","2","03","245","Beverly Rd",40.645098,-73.948959,0,1,"s203"
"62","2","030","127","Times Sq - 42 St",40.75529,-73.987495,0,1.5,"s1014"
"63","2","031","126","50 St",40.761728,-73.983849,0,2,"s1015"
"64","2","032","125","59 St - Columbus Circle",40.768247,-73.981929,0,2,"s1016"
"65","2","033","124","66 St - Lincoln Center",40.77344,-73.982209,0,1.5,"s1017"
"66","2","034","123","72 St",40.778453,-73.98197,0,1,"s1018"
"67","2","035","122","79 St",40.783934,-73.979917,0,1.5,"s1019"
"68","2","036","121","86 St",40.788644,-73.976218,0,1.5,"s1020"
"69","2","037","120","96 St",40.793919,-73.972323,0,1.5,"s1021"
"70","2","038","227","Central Park North (110 St)",40.799075,-73.951822,0,4.25,"s2038"
"71","2","039","226","116 St",40.802098,-73.949625,0,1,"s2039"
"72","2","04","244","Church Av",40.650843,-73.949575,0,1.5,"s204"
"73","2","040","225","125 St",40.807754,-73.945495,0,1.5,"s2040"
"74","2","041","224","135 St",40.814229,-73.94077,0,1.5,"s2041"
"75","2","042","222","149 St - Grand Concourse",40.81841,-73.926718,0,3.25,"s2042"
"76","2","043","221","3 Av - 149 St",40.816109,-73.917757,0,2,"s2043"
"77","2","044","220","Jackson Av",40.81649,-73.907807,0,2,"s2044"
"78","2","045","219","Prospect Av",40.819585,-73.90177,0,1.5,"s2045"
"79","2","046","218","Intervale Av",40.822181,-73.896736,0,1,"s2046"
"80","2","047","217","Simpson St",40.824073,-73.893064,0,1,"s2047"
"81","2","048","216","Freeman St",40.829993,-73.891865,0,1.5,"s2048"
"82","2","049","215","174 St",40.837288,-73.887734,0,2,"s2049"
"83","2","05","243","Winthrop St",40.656652,-73.9502,0,1.25,"s205"
"84","2","050","214","West Farms Sq - E Tremont Av",40.840295,-73.880049,0,1.75,"s2050"
"85","2","051","213","E 180 St",40.841894,-73.873488,0,1.5,"s2051"
"86","2","052","212","Bronx Park East",40.848828,-73.868457,0,2,"s2052"
"87","2","053","211","Pelham Pkwy",40.857192,-73.867615,0,2,"s2053"
"88","2","054","210","Allerton Av",40.865462,-73.867352,0,2,"s2054"
"89","2","055","209","Burke Av",40.871356,-73.867164,0,1.25,"s2055"
"90","2","056","208","Gun Hill Rd",40.87785,-73.866256,0,1.5,"s2056"
"91","2","057","207","219 St",40.883895,-73.862633,0,1.5,"s2057"
"92","2","058","206","225 St",40.888022,-73.860341,0,1.25,"s2058"
"93","2","059","205","233 St",40.893193,-73.857473,0,1.25,"s2059"
"94","2","06","242","Sterling St",40.662742,-73.95085,0,1.5,"s206"
"95","2","060","204","Nereid Av",40.898379,-73.854376,0,5.91666666666667,"s2060"
"96","2","061","201","Wakefield - 241 St",40.903125,-73.85062,0,6.41666666666667,"s2061"
"97","2","07","241","President St",40.667883,-73.950683,0,1.25,"s207"
"98","2","08","239","Franklin Av",40.670682,-73.958131,0,2.75,"s208"
"99","2","09","238","Eastern Pkwy - Brooklyn Museum",40.671987,-73.964375,0,1.75,"s209"
"100","3","01","257","New Lots Av",40.666235,-73.884079,0,0,"s301"
"101","3","010","248","Nostrand Av",40.669847,-73.950466,0,1.75,"s3010"
"102","3","011","239","Franklin Av",40.670682,-73.958131,0,3,"s208"
"103","3","012","238","Eastern Pkwy - Brooklyn Museum",40.671987,-73.964375,0,3.25,"s209"
"104","3","013","237","Grand Army Plaza",40.675235,-73.971046,0,1.75,"s2010"
"105","3","014","236","Bergen St",40.680829,-73.975098,0,2,"s2011"
"106","3","015","235","Atlantic Av - Barclays Ctr",40.684359,-73.977666,0,1.25,"s2012"
"107","3","016","234","Nevins St",40.688246,-73.980492,0,2,"s2013"
"108","3","017","233","Hoyt St",40.690545,-73.985065,0,2,"s2014"
"109","3","018","232","Borough Hall",40.693219,-73.989998,0,1.5,"s2015"
"110","3","019","231","Clark St",40.697466,-73.993086,0,1.75,"s2016"
"111","3","02","256","Van Siclen Av",40.665449,-73.889395,0,1.5,"s302"
"112","3","020","230","Wall St",40.706821,-74.0091,0,3.25,"s2017"
"113","3","021","229","Fulton St",40.709416,-74.006571,0,1.25,"s2018"
"114","3","022","228","Park Pl",40.713051,-74.008811,0,2.25,"s2019"
"115","3","023","137","Chambers St",40.715478,-74.009266,0,1.25,"s104"
"116","3","024","132","14 St",40.737826,-74.000201,0,4.5,"s109"
"117","3","025","128","34 St - Penn Station",40.750373,-73.991057,0,2.75,"s1013"
"118","3","026","127","Times Sq - 42 St",40.75529,-73.987495,0,1,"s1014"
"119","3","027","123","72 St",40.778453,-73.98197,0,4,"s1018"
"120","3","028","120","96 St",40.793919,-73.972323,0,3,"s1021"
"121","3","029","227","Central Park North (110 St)",40.799075,-73.951822,0,4.5,"s2038"
"122","3","03","255","Pennsylvania Av",40.664635,-73.894895,0,1,"s303"
"123","3","030","226","116 St",40.802098,-73.949625,0,1,"s2039"
"124","3","031","225","125 St",40.807754,-73.945495,0,1.5,"s2040"
"125","3","032","224","135 St",40.814229,-73.94077,0,2.5,"s2041"
"126","3","033","302","145 St",40.820421,-73.936245,0,4.5,"s3033"
"127","3","034","301","Harlem - 148 St",40.82388,-73.93647,0,4.61111111111111,"s3034"
"128","3","04","254","Junius St",40.663515,-73.902447,0,1.5,"s304"
"129","3","05","253","Rockaway Av",40.662549,-73.908946,0,1.25,"s305"
"130","3","06","252","Saratoga Av",40.661453,-73.916327,0,1.75,"s306"
"131","3","07","251","Sutter Av - Rutland Rd",40.664717,-73.92261,0,1.75,"s307"
"132","3","08","250","Crown Hts - Utica Av",40.668897,-73.932942,0,4.14285714285714,"s308"
"133","3","09","249","Kingston Av",40.669399,-73.942161,0,3.75,"s309"
"134","4","01","257","New Lots Av",40.666235,-73.884079,0,0,"s301"
"135","4","010","248","Nostrand Av",40.669847,-73.950466,0,1.75,"s3010"
"136","4","011","239","Franklin Av",40.670682,-73.958131,0,1.5,"s208"
"137","4","012","238","Eastern Pkwy - Brooklyn Museum",40.671987,-73.964375,0,1.75,"s209"
"138","4","013","237","Grand Army Plaza",40.675235,-73.971046,0,1.5,"s2010"
"139","4","014","236","Bergen St",40.680829,-73.975098,0,2,"s2011"
"140","4","015","235","Atlantic Av - Barclays Ctr",40.684359,-73.977666,0,1.25,"s2012"
"141","4","016","234","Nevins St",40.688246,-73.980492,0,1.5,"s2013"
"142","4","017","423","Borough Hall",40.692404,-73.990151,0,1.5,"s2015"
"143","4","018","420","Bowling Green",40.704817,-74.014065,0,5,"s4018"
"144","4","019","419","Wall St",40.707557,-74.011862,0,1,"s4019"
"145","4","02","256","Van Siclen Av",40.665449,-73.889395,0,1.5,"s302"
"146","4","020","418","Fulton St",40.710368,-74.009509,0,1.5,"s2018"
"147","4","021","640","Brooklyn Bridge - City Hall",40.713065,-74.004131,0,1.5,"s4021"
"148","4","022","639","Canal St",40.718803,-74.000193,0,2,"s4022"
"149","4","023","638","Spring St",40.722301,-73.997141,0,1.5,"s4023"
"150","4","024","637","Bleecker St",40.725915,-73.994659,0,1,"s4024"
"151","4","025","636","Astor Pl",40.730054,-73.99107,0,1.5,"s4025"
"152","4","026","635","14 St - Union Sq",40.734673,-73.989951,0,1.5,"s4026"
"153","4","027","634","23 St",40.739864,-73.986599,0,2,"s4027"
"154","4","028","633","28 St",40.74307,-73.984264,0,1,"s4028"
"155","4","029","632","33 St",40.746081,-73.982076,0,1,"s4029"
"156","4","03","255","Pennsylvania Av",40.664635,-73.894895,0,1,"s303"
"157","4","030","631","Grand Central - 42 St",40.751776,-73.976848,0,2,"s4030"
"158","4","031","630","51 St",40.757107,-73.97192,0,1.5,"s4031"
"159","4","032","629","59 St",40.762526,-73.967967,0,1.5,"s4032"
"160","4","033","628","68 St - Hunter College",40.768141,-73.96387,0,2,"s4033"
"161","4","034","627","77 St",40.77362,-73.959874,0,1.5,"s4034"
"162","4","035","626","86 St",40.779492,-73.955589,0,1.5,"s4035"
"163","4","036","625","96 St",40.785672,-73.95107,0,2,"s4036"
"164","4","037","624","103 St",40.7906,-73.947478,0,1.5,"s4037"
"165","4","038","623","110 St",40.79502,-73.94425,0,1,"s4038"
"166","4","039","622","116 St",40.798629,-73.941617,0,1.5,"s4039"
"167","4","04","254","Junius St",40.663515,-73.902447,0,1.5,"s304"
"168","4","040","621","125 St",40.804138,-73.937594,0,1.5,"s4040"
"169","4","041","416","138 St - Grand Concourse",40.813224,-73.929849,0,2.5,"s4041"
"170","4","042","415","149 St - Grand Concourse",40.818375,-73.927351,0,6.25,"s2042"
"171","4","043","414","161 St - Yankee Stadium",40.827994,-73.925831,0,8.1,"s4043"
"172","4","044","413","167 St",40.835537,-73.9214,0,1.75,"s4044"
"173","4","045","412","170 St",40.840075,-73.917791,0,1.5,"s4045"
"174","4","046","411","Mt Eden Av",40.844434,-73.914685,0,1.25,"s4046"
"175","4","047","410","176 St",40.84848,-73.911794,0,1,"s4047"
"176","4","048","409","Burnside Av",40.853453,-73.907684,0,7.1,"s4048"
"177","4","049","408","183 St",40.858407,-73.903879,0,7.1,"s4049"
"178","4","05","253","Rockaway Av",40.662549,-73.908946,0,1,"s305"
"179","4","050","407","Fordham Rd",40.862803,-73.901034,0,1,"s4050"
"180","4","051","406","Kingsbridge Rd",40.86776,-73.897174,0,1.25,"s4051"
"181","4","052","405","Bedford Park Blvd - Lehman College",40.873412,-73.890064,0,2,"s4052"
"182","4","053","402","Mosholu Pkwy",40.87975,-73.884655,0,1.75,"s4053"
"183","4","054","401","Woodlawn",40.886037,-73.878751,0,2,"s4054"
"184","4","06","252","Saratoga Av",40.661453,-73.916327,0,2,"s306"
"185","4","07","251","Sutter Av - Rutland Rd",40.664717,-73.92261,0,1.5,"s307"
"186","4","08","250","Crown Hts - Utica Av",40.668897,-73.932942,0,2.5,"s308"
"187","4","09","249","Kingston Av",40.669399,-73.942161,0,2,"s309"
"188","5","01","257","New Lots Av",40.666235,-73.884079,0,0,"s301"
"189","5","010","248","Nostrand Av",40.669847,-73.950466,0,2,"s3010"
"190","5","011","239","Franklin Av",40.670682,-73.958131,0,1.5,"s208"
"191","5","012","235","Atlantic Av - Barclays Ctr",40.684359,-73.977666,0,4,"s2012"
"192","5","013","234","Nevins St",40.688246,-73.980492,0,1.5,"s2013"
"193","5","014","423","Borough Hall",40.692404,-73.990151,0,1.5,"s2015"
"194","5","015","420","Bowling Green",40.704817,-74.014065,0,5,"s4018"
"195","5","016","419","Wall St",40.707557,-74.011862,0,1,"s4019"
"196","5","017","418","Fulton St",40.710368,-74.009509,0,1.5,"s2018"
"197","5","018","640","Brooklyn Bridge - City Hall",40.713065,-74.004131,0,1.5,"s4021"
"198","5","019","635","14 St - Union Sq",40.734673,-73.989951,0,4.5,"s4026"
"199","5","02","256","Van Siclen Av",40.665449,-73.889395,0,1.5,"s302"
"200","5","020","631","Grand Central - 42 St",40.751776,-73.976848,0,3.5,"s4030"
"201","5","021","629","59 St",40.762526,-73.967967,0,2,"s4032"
"202","5","022","626","86 St",40.779492,-73.955589,0,3.5,"s4035"
"203","5","023","621","125 St",40.804138,-73.937594,0,4.5,"s4040"
"204","5","024","416","138 St - Grand Concourse",40.813224,-73.929849,0,2.5,"s4041"
"205","5","025","222","149 St - Grand Concourse",40.81841,-73.926718,0,2.5,"s2042"
"206","5","026","221","3 Av - 149 St",40.816109,-73.917757,0,2,"s2043"
"207","5","027","220","Jackson Av",40.81649,-73.907807,0,2,"s2044"
"208","5","028","219","Prospect Av",40.819585,-73.90177,0,1.5,"s2045"
"209","5","029","218","Intervale Av",40.822181,-73.896736,0,1,"s2046"
"210","5","03","255","Pennsylvania Av",40.664635,-73.894895,0,1,"s303"
"211","5","030","217","Simpson St",40.824073,-73.893064,0,1,"s2047"
"212","5","031","216","Freeman St",40.829993,-73.891865,0,1.5,"s2048"
"213","5","032","215","174 St",40.837288,-73.887734,0,2,"s2049"
"214","5","033","214","West Farms Sq - E Tremont Av",40.840295,-73.880049,0,2,"s2050"
"215","5","034","213","E 180 St",40.841894,-73.873488,0,1.5,"s2051"
"216","5","035","505","Morris Park",40.854364,-73.860495,0,3.5,"s5035"
"217","5","036","504","Pelham Pkwy",40.858985,-73.855359,0,1,"s5036"
"218","5","037","503","Gun Hill Rd",40.869526,-73.846384,0,3,"s5037"
"219","5","038","502","Baychester Av",40.878663,-73.838591,0,2,"s5038"
"220","5","039","501","Eastchester - Dyre Av",40.8883,-73.830834,0,2.5,"s5039"
"221","5","04","254","Junius St",40.663515,-73.902447,0,1.5,"s304"
"222","5","05","253","Rockaway Av",40.662549,-73.908946,0,1,"s305"
"223","5","06","252","Saratoga Av",40.661453,-73.916327,0,2,"s306"
"224","5","07","251","Sutter Av - Rutland Rd",40.664717,-73.92261,0,1.5,"s307"
"225","5","08","250","Crown Hts - Utica Av",40.668897,-73.932942,0,2.5,"s308"
"226","5","09","249","Kingston Av",40.669399,-73.942161,0,2,"s309"
"227","6","01","640","Brooklyn Bridge - City Hall",40.713065,-74.004131,0,0,"s4021"
"228","6","010","631","Grand Central - 42 St",40.751776,-73.976848,0,2.875,"s4030"
"229","6","011","630","51 St",40.757107,-73.97192,0,2.625,"s4031"
"230","6","012","629","59 St",40.762526,-73.967967,0,1.5,"s4032"
"231","6","013","628","68 St - Hunter College",40.768141,-73.96387,0,1.75,"s4033"
"232","6","014","627","77 St",40.77362,-73.959874,0,1.75,"s4034"
"233","6","015","626","86 St",40.779492,-73.955589,0,1.75,"s4035"
"234","6","016","625","96 St",40.785672,-73.95107,0,2,"s4036"
"235","6","017","624","103 St",40.7906,-73.947478,0,1.5,"s4037"
"236","6","018","623","110 St",40.79502,-73.94425,0,1.25,"s4038"
"237","6","019","622","116 St",40.798629,-73.941617,0,1.25,"s4039"
"238","6","02","639","Canal St",40.718803,-74.000193,0,2,"s4022"
"239","6","020","621","125 St",40.804138,-73.937594,0,2.5,"s4040"
"240","6","021","619","3 Av - 138 St",40.810476,-73.926138,0,5,"s6021"
"241","6","022","618","Brook Av",40.807566,-73.91924,0,3,"s6022"
"242","6","023","617","Cypress Av",40.805368,-73.914042,0,1,"s6023"
"243","6","024","616","E 143 St - St Mary's St",40.808719,-73.907657,0,2,"s6024"
"244","6","025","615","E 149 St",40.812118,-73.904098,0,1.25,"s6025"
"245","6","026","614","Longwood Av",40.816104,-73.896435,0,1.75,"s6026"
"246","6","027","613","Hunts Point Av",40.820948,-73.890549,0,3.5,"s6027"
"247","6","028","612","Whitlock Av",40.826525,-73.886283,0,3.35714285714286,"s6028"
"248","6","029","611","Elder Av",40.828584,-73.879159,0,1.75,"s6029"
"249","6","03","638","Spring St",40.722301,-73.997141,0,1.5,"s4023"
"250","6","030","610","Morrison Av- Sound View",40.829521,-73.874516,0,1,"s6030"
"251","6","031","609","St Lawrence Av",40.831509,-73.867618,0,1.25,"s6031"
"252","6","032","608","Parkchester",40.833226,-73.860816,0,3.45,"s6032"
"253","6","033","607","Castle Hill Av",40.834255,-73.851222,0,3.72222222222222,"s6033"
"254","6","034","606","Zerega Av",40.836488,-73.847036,0,1,"s6034"
"255","6","035","604","Westchester Sq - E Tremont Av",40.839892,-73.842952,0,1,"s6035"
"256","6","036","603","Middletown Rd",40.843863,-73.836322,0,1.5,"s6036"
"257","6","037","602","Buhre Av",40.84681,-73.832569,0,1.5,"s6037"
"258","6","038","601","Pelham Bay Park",40.852462,-73.828121,0,2.5,"s6038"
"259","6","04","637","Bleecker St",40.725915,-73.994659,0,1.25,"s4024"
"260","6","05","636","Astor Pl",40.730054,-73.99107,0,1.5,"s4025"
"261","6","06","635","14 St - Union Sq",40.734673,-73.989951,0,1.25,"s4026"
"262","6","07","634","23 St",40.739864,-73.986599,0,1.75,"s4027"
"263","6","08","633","28 St",40.74307,-73.984264,0,1.25,"s4028"
"264","6","09","632","33 St",40.746081,-73.982076,0,1.25,"s4029"
"265","7","01","726","34 St - 11 Av",40.755882,-74.00191,0,0,"s701"
"266","7","010","715","40 St",40.743781,-73.924016,0,75,"s7010"
"267","7","011","714","46 St",40.743132,-73.918435,0,60,"s7011"
"268","7","012","713","52 St",40.744149,-73.912549,0,60,"s7012"
"269","7","013","712","Woodside - 61 St",40.74563,-73.902984,0,105,"s7013"
"270","7","014","711","69 St",40.746325,-73.896403,0,120,"s7014"
"271","7","015","710","74 St - Broadway",40.746848,-73.891394,0,150,"s7015"
"272","7","016","709","82 St - Jackson Hts",40.747659,-73.883697,0,120,"s7016"
"273","7","017","708","90 St - Elmhurst Av",40.748408,-73.876613,0,75,"s7017"
"274","7","018","707","Junction Blvd",40.749145,-73.869527,0,75,"s7018"
"275","7","019","706","103 St - Corona Plaza",40.749865,-73.8627,0,75,"s7019"
"276","7","02","725","Times Sq - 42 St",40.755477,-73.987691,0,195,"s1014"
"277","7","020","705","111 St",40.75173,-73.855334,0,90,"s7020"
"278","7","021","702","Mets - Willets Point",40.754622,-73.845625,0,264,"s7021"
"279","7","022","701","Flushing - Main St",40.7596,-73.83003,0,340,"s7022"
"280","7","03","724","5 Av",40.753821,-73.981963,0,90,"s703"
"281","7","04","723","Grand Central - 42 St",40.751431,-73.976041,0,75,"s4030"
"282","7","05","721","Vernon Blvd - Jackson Av",40.742626,-73.953581,0,300,"s705"
"283","7","06","720","Hunters Point Av",40.742216,-73.948916,0,45,"s706"
"284","7","07","719","Court Sq",40.747023,-73.945264,0,105,"s707"
"285","7","08","718","Queensboro Plaza",40.750582,-73.940202,0,105,"s708"
"286","7","09","716","33 St",40.744587,-73.930997,0,135,"s709"
"287","7X","01","726","34 St - 11 Av",40.755882,-74.00191,0,0,"s701"
"288","7X","010","707","Junction Blvd",40.749145,-73.869527,0,4,"s7018"
"289","7X","011","702","Mets - Willets Point",40.754622,-73.845625,0,5.07142857142857,"s7021"
"290","7X","012","701","Flushing - Main St",40.7596,-73.83003,0,5.07142857142857,"s7022"
"291","7X","02","725","Times Sq - 42 St",40.755477,-73.987691,0,3.25,"s1014"
"292","7X","03","724","5 Av",40.753821,-73.981963,0,1.5,"s703"
"293","7X","04","723","Grand Central - 42 St",40.751431,-73.976041,0,1.5,"s4030"
"294","7X","05","721","Vernon Blvd - Jackson Av",40.742626,-73.953581,0,5,"s705"
"295","7X","06","720","Hunters Point Av",40.742216,-73.948916,0,1,"s706"
"296","7X","07","719","Court Sq",40.747023,-73.945264,0,1.75,"s707"
"297","7X","08","718","Queensboro Plaza",40.750582,-73.940202,0,1.75,"s708"
"298","7X","09","712","Woodside - 61 St",40.74563,-73.902984,0,5.5,"s7013"
"299","A","01","H11","Far Rockaway - Mott Av",40.603995,-73.755405,0,0,"sA01"
"300","A","010","H01","Aqueduct Racetrack",40.668234,-73.834058,0,60,"sA010"
"301","A","011","A61","Rockaway Blvd",40.680429,-73.843853,0,180,"sA011"
"302","A","012","A60","88 St",40.679843,-73.85147,0,90,"sA012"
"303","A","013","A59","80 St",40.679371,-73.858992,0,90,"sA013"
"304","A","014","A57","Grant Av",40.677044,-73.86505,0,90,"sA014"
"305","A","015","A55","Euclid Av",40.675377,-73.872106,0,105,"sA015"
"306","A","016","A54","Shepherd Av",40.67413,-73.88075,0,105,"sA016"
"307","A","017","A53","Van Siclen Av",40.67271,-73.890358,0,90,"sA017"
"308","A","018","A52","Liberty Av",40.674542,-73.896548,0,90,"sA018"
"309","A","019","A51","Broadway Jct",40.678334,-73.905316,0,120,"sA019"
"310","A","02","H10","Beach 25 St",40.600066,-73.761353,0,90,"sA02"
"311","A","020","A50","Rockaway Av",40.67834,-73.911946,0,60,"sA020"
"312","A","021","A49","Ralph Av",40.678822,-73.920786,0,120,"sA021"
"313","A","022","A48","Utica Av",40.679364,-73.930729,0,90,"sA022"
"314","A","023","A47","Kingston - Throop Avs",40.679921,-73.940858,0,90,"sA023"
"315","A","024","A46","Nostrand Av",40.680438,-73.950426,0,90,"sA024"
"316","A","025","A45","Franklin Av",40.68138,-73.956848,0,60,"sA025"
"317","A","026","A44","Clinton - Washington Avs",40.683263,-73.965838,0,90,"sA026"
"318","A","027","A43","Lafayette Av",40.686113,-73.973946,0,90,"sA027"
"319","A","028","A42","Hoyt - Schermerhorn Sts",40.688484,-73.985001,0,90,"sA028"
"320","A","029","A41","Jay St - MetroTech",40.692338,-73.987342,0,90,"sA029"
"321","A","03","H09","Beach 36 St",40.595398,-73.768175,0,120,"sA03"
"322","A","030","A40","High St",40.699337,-73.990531,0,120,"sA030"
"323","A","031","A38","Fulton St",40.710197,-74.007691,0,180,"s2018"
"324","A","032","A36","Chambers St",40.714111,-74.008585,0,120,"s2019"
"325","A","033","A34","Canal St",40.720824,-74.005229,0,90,"sA033"
"326","A","034","A33","Spring St",40.726227,-74.003739,0,90,"sA034"
"327","A","035","A32","W 4 St",40.732338,-74.000495,0,120,"sA035"
"328","A","036","A31","14 St",40.740893,-74.00169,0,135,"sA036"
"329","A","037","A30","23 St",40.745906,-73.998041,0,90,"sA037"
"330","A","038","A28","34 St - Penn Station",40.752287,-73.993391,0,120,"sA038"
"331","A","039","A27","42 St - Port Authority Bus Terminal",40.757308,-73.989735,0,75,"s1014"
"332","A","04","H08","Beach 44 St",40.592943,-73.776013,0,90,"sA04"
"333","A","040","A25","50 St",40.762456,-73.985984,0,90,"sA040"
"334","A","041","A24","59 St - Columbus Circle",40.768296,-73.981736,0,120,"s1016"
"335","A","042","A22","72 St",40.775594,-73.97641,0,90,"sA042"
"336","A","043","A21","81 St - Museum of Natural History",40.781433,-73.972143,0,90,"sA043"
"337","A","044","A20","86 St",40.785868,-73.968916,0,90,"sA044"
"338","A","045","A19","96 St",40.791642,-73.964696,0,90,"sA045"
"339","A","046","A18","103 St",40.796092,-73.961454,0,90,"sA046"
"340","A","047","A17","Cathedral Pkwy (110 St)",40.800603,-73.958161,0,60,"sA047"
"341","A","048","A16","116 St",40.805085,-73.954882,0,90,"sA048"
"342","A","049","A15","125 St",40.811109,-73.952343,0,90,"sA049"
"343","A","05","H07","Beach 60 St",40.592374,-73.788522,0,120,"sA05"
"344","A","050","A14","135 St",40.817894,-73.947649,0,105,"sA050"
"345","A","051","A12","145 St",40.824783,-73.944216,0,90,"sA051"
"346","A","052","A11","155 St",40.830518,-73.941514,0,90,"sA052"
"347","A","053","A10","163 St - Amsterdam Av",40.836013,-73.939892,0,90,"sA053"
"348","A","054","A09","168 St",40.840719,-73.939561,0,157.5,"s1029"
"349","A","055","A07","175 St",40.847391,-73.939704,0,187.5,"sA055"
"350","A","056","A06","181 St",40.851695,-73.937969,0,60,"sA056"
"351","A","057","A05","190 St",40.859022,-73.93418,0,120,"sA057"
"352","A","058","A03","Dyckman St",40.865491,-73.927271,0,246,"sA058"
"353","A","059","A02","Inwood - 207 St",40.868072,-73.919899,0,198,"sA059"
"354","A","06","H06","Beach 67 St",40.590927,-73.796924,0,90,"sA06"
"355","A","07","H04","Broad Channel",40.608382,-73.815925,0,240,"sA07"
"356","A","08","H03","Howard Beach - JFK Airport",40.660476,-73.830301,0,450,"sA08"
"357","A","09","H02","Aqueduct - N Conduit Av",40.668234,-73.834058,0,180,"sA09"
"358","B","01","D40","Brighton Beach",40.577621,-73.961376,0,0,"sB01"
"359","B","010","D22","Grand St",40.718267,-73.993753,0,8.5,"sB010"
"360","B","011","D21","Broadway-Lafayette St",40.725297,-73.996204,0,2.25,"s4024"
"361","B","012","D20","W 4 St",40.732338,-74.000495,0,2,"sA035"
"362","B","013","D17","34 St - Herald Sq",40.749719,-73.987823,0,3,"sB013"
"363","B","014","D16","42 St - Bryant Pk",40.754222,-73.984569,0,1.75,"s703"
"364","B","015","D15","47-50 Sts - Rockefeller Ctr",40.758663,-73.981329,0,1.5,"sB015"
"365","B","016","D14","7 Av",40.762862,-73.981637,0,3,"sB016"
"366","B","017","A24","59 St - Columbus Circle",40.768296,-73.981736,0,3.8125,"s1016"
"367","B","018","A22","72 St",40.775594,-73.97641,0,2.66666666666667,"sA042"
"368","B","019","A21","81 St - Museum of Natural History",40.781433,-73.972143,0,1.5,"sA043"
"369","B","02","D39","Sheepshead Bay",40.586896,-73.954155,0,2,"sB02"
"370","B","020","A20","86 St",40.785868,-73.968916,0,1.5,"sA044"
"371","B","021","A19","96 St",40.791642,-73.964696,0,1.5,"sA045"
"372","B","022","A18","103 St",40.796092,-73.961454,0,1.5,"sA046"
"373","B","023","A17","Cathedral Pkwy (110 St)",40.800603,-73.958161,0,1,"sA047"
"374","B","024","A16","116 St",40.805085,-73.954882,0,1.5,"sA048"
"375","B","025","A15","125 St",40.811109,-73.952343,0,1.75,"sA049"
"376","B","026","A14","135 St",40.817894,-73.947649,0,3.33333333333333,"sA050"
"377","B","027","D13","145 St",40.824783,-73.944216,0,3.25,"sA051"
"378","B","028","D12","155 St",40.830135,-73.938209,0,2.7,"sB028"
"379","B","029","D11","161 St - Yankee Stadium",40.827905,-73.925651,0,1.75,"s4043"
"380","B","03","D35","Kings Hwy",40.60867,-73.957734,0,4,"sB03"
"381","B","030","D10","167 St",40.833771,-73.91844,0,2.5,"sB030"
"382","B","031","D09","170 St",40.839306,-73.9134,0,2,"sB031"
"383","B","032","D08","174-175 Sts",40.8459,-73.910136,0,2.25,"sB032"
"384","B","033","D07","Tremont Av",40.85041,-73.905227,0,3,"sB033"
"385","B","034","D06","182-183 Sts",40.856093,-73.900741,0,3,"sB034"
"386","B","035","D05","Fordham Rd",40.861296,-73.897749,0,1.5,"sB035"
"387","B","036","D04","Kingsbridge Rd",40.866978,-73.893509,0,1.5,"sB036"
"388","B","037","D03","Bedford Park Blvd",40.873244,-73.887138,0,2,"sB037"
"389","B","04","D31","Newkirk Plaza",40.635082,-73.962793,0,4.75,"sB04"
"390","B","05","D28","Church Av",40.650527,-73.962982,0,2.75,"sB05"
"391","B","06","D26","Prospect Park",40.661614,-73.962246,0,2,"sB06"
"392","B","07","D25","7 Av",40.67705,-73.972367,0,4.25,"sB07"
"393","B","08","D24","Atlantic Av - Barclays Ctr",40.68446,-73.97689,0,2.25,"s2012"
"394","B","09","R30","DeKalb Av",40.690635,-73.981824,0,1.75,"sB09"
"395","C","01","A55","Euclid Av",40.675377,-73.872106,0,0,"sA015"
"396","C","010","A46","Nostrand Av",40.680438,-73.950426,0,1.75,"sA024"
"397","C","011","A45","Franklin Av",40.68138,-73.956848,0,1,"sA025"
"398","C","012","A44","Clinton - Washington Avs",40.683263,-73.965838,0,1.75,"sA026"
"399","C","013","A43","Lafayette Av",40.686113,-73.973946,0,1.5,"sA027"
"400","C","014","A42","Hoyt - Schermerhorn Sts",40.688484,-73.985001,0,2.25,"sA028"
"401","C","015","A41","Jay St - MetroTech",40.692338,-73.987342,0,2.5,"sA029"
"402","C","016","A40","High St",40.699337,-73.990531,0,3,"sA030"
"403","C","017","A38","Fulton St",40.710197,-74.007691,0,3.5,"s2018"
"404","C","018","A36","Chambers St",40.714111,-74.008585,0,2,"s2019"
"405","C","019","A34","Canal St",40.720824,-74.005229,0,2.5,"sA033"
"406","C","02","A54","Shepherd Av",40.67413,-73.88075,0,1.75,"sA016"
"407","C","020","A33","Spring St",40.726227,-74.003739,0,2.5,"sA034"
"408","C","021","A32","W 4 St",40.732338,-74.000495,0,2.25,"sA035"
"409","C","022","A31","14 St",40.740893,-74.00169,0,2.5,"sA036"
"410","C","023","A30","23 St",40.745906,-73.998041,0,1.5,"sA037"
"411","C","024","A28","34 St - Penn Station",40.752287,-73.993391,0,2,"sA038"
"412","C","025","A27","42 St - Port Authority Bus Terminal",40.757308,-73.989735,0,1.25,"s1014"
"413","C","026","A25","50 St",40.762456,-73.985984,0,2.91666666666667,"sA040"
"414","C","027","A24","59 St - Columbus Circle",40.768296,-73.981736,0,3.41666666666667,"s1016"
"415","C","028","A22","72 St",40.775594,-73.97641,0,2.91666666666667,"sA042"
"416","C","029","A21","81 St - Museum of Natural History",40.781433,-73.972143,0,1.5,"sA043"
"417","C","03","A53","Van Siclen Av",40.67271,-73.890358,0,2,"sA017"
"418","C","030","A20","86 St",40.785868,-73.968916,0,1.5,"sA044"
"419","C","031","A19","96 St",40.791642,-73.964696,0,1.5,"sA045"
"420","C","032","A18","103 St",40.796092,-73.961454,0,1.5,"sA046"
"421","C","033","A17","Cathedral Pkwy (110 St)",40.800603,-73.958161,0,1,"sA047"
"422","C","034","A16","116 St",40.805085,-73.954882,0,1.5,"sA048"
"423","C","035","A15","125 St",40.811109,-73.952343,0,2.25,"sA049"
"424","C","036","A14","135 St",40.817894,-73.947649,0,2.5,"sA050"
"425","C","037","A12","145 St",40.824783,-73.944216,0,3.28571428571429,"sA051"
"426","C","038","A11","155 St",40.830518,-73.941514,0,3.28571428571429,"sA052"
"427","C","039","A10","163 St - Amsterdam Av",40.836013,-73.939892,0,1.5,"sA053"
"428","C","04","A52","Liberty Av",40.674542,-73.896548,0,1.75,"sA018"
"429","C","040","A09","168 St",40.840719,-73.939561,0,1.5,"s1029"
"430","C","05","A51","Broadway Jct",40.678334,-73.905316,0,2.5,"sA019"
"431","C","06","A50","Rockaway Av",40.67834,-73.911946,0,1.5,"sA020"
"432","C","07","A49","Ralph Av",40.678822,-73.920786,0,1.75,"sA021"
"433","C","08","A48","Utica Av",40.679364,-73.930729,0,1.75,"sA022"
"434","C","09","A47","Kingston - Throop Avs",40.679921,-73.940858,0,1.75,"sA023"
"435","D","01","D43","Coney Island - Stillwell Av",40.577422,-73.981233,0,0,"sD01"
"436","D","010","B15","55 St",40.631435,-73.995476,0,1.75,"sD010"
"437","D","011","B14","50 St",40.63626,-73.994791,0,1.75,"sD011"
"438","D","012","B13","Fort Hamilton Pkwy",40.640914,-73.994304,0,1.5,"sD012"
"439","D","013","B12","9 Av",40.646292,-73.994324,0,2.25,"sD013"
"440","D","014","R36","36 St",40.655144,-74.003549,0,4,"sD014"
"441","D","015","R35","25 St",40.660397,-73.998091,0,1.5,"sD015"
"442","D","016","R34","Prospect Av",40.665414,-73.992872,0,1.5,"sD016"
"443","D","017","R33","9 St",40.670847,-73.988302,0,2,"sF017"
"444","D","018","R32","Union St",40.677316,-73.98311,0,1.5,"sD018"
"445","D","019","R31","Atlantic Av - Barclays Ctr",40.683666,-73.97881,0,2,"s2012"
"446","D","02","B23","Bay 50 St",40.588841,-73.983765,0,4,"sD02"
"447","D","020","R30","DeKalb Av",40.690635,-73.981824,0,3,"sB09"
"448","D","021","D22","Grand St",40.718267,-73.993753,0,5,"sB010"
"449","D","022","D21","Broadway-Lafayette St",40.725297,-73.996204,0,2,"s4024"
"450","D","023","D20","W 4 St",40.732338,-74.000495,0,3.16666666666667,"sA035"
"451","D","024","D17","34 St - Herald Sq",40.749719,-73.987823,0,4.16666666666667,"sB013"
"452","D","025","D16","42 St - Bryant Pk",40.754222,-73.984569,0,1.5,"s703"
"453","D","026","D15","47-50 Sts - Rockefeller Ctr",40.758663,-73.981329,0,1.5,"sB015"
"454","D","027","D14","7 Av",40.762862,-73.981637,0,1.5,"sB016"
"455","D","028","A24","59 St - Columbus Circle",40.768296,-73.981736,0,2,"s1016"
"456","D","029","A15","125 St",40.811109,-73.952343,0,8,"sA049"
"457","D","03","B22","25 Av",40.597704,-73.986829,0,2.25,"sD03"
"458","D","030","D13","145 St",40.824783,-73.944216,0,3.5,"sA051"
"459","D","031","D12","155 St",40.830135,-73.938209,0,1.5,"sB028"
"460","D","032","D11","161 St - Yankee Stadium",40.827905,-73.925651,0,1.5,"s4043"
"461","D","033","D10","167 St",40.833771,-73.91844,0,2.5,"sB030"
"462","D","034","D09","170 St",40.839306,-73.9134,0,2,"sB031"
"463","D","035","D08","174-175 Sts",40.8459,-73.910136,0,2,"sB032"
"464","D","036","D07","Tremont Av",40.85041,-73.905227,0,4.125,"sB033"
"465","D","037","D06","182-183 Sts",40.856093,-73.900741,0,4.125,"sB034"
"466","D","038","D05","Fordham Rd",40.861296,-73.897749,0,1.5,"sB035"
"467","D","039","D04","Kingsbridge Rd",40.866978,-73.893509,0,1.5,"sB036"
"468","D","04","B21","Bay Pkwy",40.601875,-73.993728,0,1.5,"sD04"
"469","D","040","D03","Bedford Park Blvd",40.873244,-73.887138,0,2,"sB037"
"470","D","041","D01","Norwood - 205 St",40.874811,-73.878855,0,2.5,"sD041"
"471","D","05","B20","20 Av",40.604556,-73.998168,0,1,"sD05"
"472","D","06","B19","18 Av",40.607954,-74.001736,0,1.5,"sD06"
"473","D","07","B18","79 St",40.613501,-74.00061,0,1.5,"sD07"
"474","D","08","B17","71 St",40.619589,-73.998864,0,1.5,"sD08"
"475","D","09","B16","62 St",40.626472,-73.996895,0,2,"sD09"
"476","E","01","E01","World Trade Center",40.712582,-74.009781,0,0,"s2019"
"477","E","010","D14","7 Av",40.762862,-73.981637,0,1.5,"sB016"
"478","E","011","F12","5 Av/53 St",40.760167,-73.975224,0,1,"sE011"
"479","E","012","F11","Lexington Av/53 St",40.757552,-73.969055,0,1.5,"s4031"
"480","E","013","F09","Court Sq",40.747846,-73.946,0,3,"s707"
"481","E","014","G21","Queens Plaza",40.748973,-73.937243,0,1.5,"sE014"
"482","E","015","G20","36 St",40.752039,-73.928781,0,2,"sE015"
"483","E","016","G19","Steinway St",40.756879,-73.92074,0,2,"sE016"
"484","E","017","G18","46 St",40.756312,-73.913333,0,1.5,"sE017"
"485","E","018","G16","Northern Blvd",40.752885,-73.906006,0,1.5,"sE018"
"486","E","019","G15","65 St",40.749669,-73.898453,0,1,"sE019"
"487","E","02","A34","Canal St",40.720824,-74.005229,0,2,"sA033"
"488","E","020","G14","Jackson Hts - Roosevelt Av",40.746644,-73.891338,0,1.5,"s7015"
"489","E","021","G13","Elmhurst Av",40.742454,-73.882017,0,1.5,"sE021"
"490","E","022","G12","Grand Av - Newtown",40.737015,-73.877223,0,1.5,"sE022"
"491","E","023","G11","Woodhaven Blvd",40.733106,-73.869229,0,2,"sE023"
"492","E","024","G10","63 Dr - Rego Park",40.729846,-73.861604,0,1,"sE024"
"493","E","025","G09","67 Av",40.726523,-73.852719,0,2,"sE025"
"494","E","026","G08","Forest Hills - 71 Av",40.721691,-73.844521,0,1.5,"sE026"
"495","E","027","F07","75 Av",40.718331,-73.837324,0,2,"sE027"
"496","E","028","F06","Kew Gardens - Union Tpke",40.714441,-73.831008,0,1.5,"sE028"
"497","E","029","F05","Briarwood - Van Wyck Blvd",40.709179,-73.820574,0,4,"sE029"
"498","E","03","A33","Spring St",40.726227,-74.003739,0,1.5,"sA034"
"499","E","030","G07","Jamaica - Van Wyck",40.702566,-73.816859,0,3.5,"sE030"
"500","E","031","G06","Sutphin Blvd - Archer Av - JFK Airport",40.700486,-73.807969,0,4.5,"sE031"
"501","E","032","G05","Jamaica Center - Parsons/Archer",40.702147,-73.801109,0,4,"sE032"
"502","E","04","A32","W 4 St",40.732338,-74.000495,0,2,"sA035"
"503","E","05","A31","14 St",40.740893,-74.00169,0,2,"sA036"
"504","E","06","A30","23 St",40.745906,-73.998041,0,1.5,"sA037"
"505","E","07","A28","34 St - Penn Station",40.752287,-73.993391,0,2,"sA038"
"506","E","08","A27","42 St - Port Authority Bus Terminal",40.757308,-73.989735,0,1,"s1014"
"507","E","09","A25","50 St",40.762456,-73.985984,0,1.75,"sA040"
"508","F","01","D43","Coney Island - Stillwell Av",40.577422,-73.981233,0,0,"sD01"
"509","F","010","F31","Avenue I",40.625322,-73.976127,0,1,"sF010"
"510","F","011","F30","18 Av",40.629755,-73.976971,0,1.25,"sF011"
"511","F","012","F29","Ditmas Av",40.636119,-73.978172,0,1.75,"sF012"
"512","F","013","F27","Church Av",40.644041,-73.979678,0,2,"sF013"
"513","F","014","F26","Fort Hamilton Pkwy",40.650782,-73.975776,0,1.75,"sF014"
"514","F","015","F25","15 St - Prospect Park",40.660365,-73.979493,0,3,"sF015"
"515","F","016","F24","7 Av",40.666271,-73.980305,0,2,"sF016"
"516","F","017","F23","4 Av",40.670272,-73.989779,0,2,"sF017"
"517","F","018","F22","Smith - 9 Sts",40.67358,-73.995959,0,1.75,"sF018"
"518","F","019","F21","Carroll St",40.680303,-73.995048,0,2,"sF019"
"519","F","02","D42","W 8 St - NY Aquarium",40.576127,-73.975939,0,1.5,"sF02"
"520","F","020","F20","Bergen St",40.686145,-73.990862,0,1.75,"sF020"
"521","F","021","A41","Jay St - MetroTech",40.692338,-73.987342,0,3.25,"sA029"
"522","F","022","F18","York St",40.701397,-73.986751,0,2.5,"sF022"
"523","F","023","F16","East Broadway",40.713715,-73.990173,0,2.9,"sF023"
"524","F","024","F15","Delancey St",40.718611,-73.988114,0,1.25,"sF024"
"525","F","025","F14","2 Av",40.723402,-73.989938,0,1.5,"sF025"
"526","F","026","D21","Broadway-Lafayette St",40.725297,-73.996204,0,1.5,"s4024"
"527","F","027","D20","W 4 St",40.732338,-74.000495,0,3.25,"sA035"
"528","F","028","D19","14 St",40.738228,-73.996209,0,2.25,"s109"
"529","F","029","D18","23 St",40.742878,-73.992821,0,1.5,"sF029"
"530","F","03","F39","Neptune Av",40.581011,-73.974574,0,1.5,"sF03"
"531","F","030","D17","34 St - Herald Sq",40.749719,-73.987823,0,1.75,"sB013"
"532","F","031","D16","42 St - Bryant Pk",40.754222,-73.984569,0,1.5,"s703"
"533","F","032","D15","47-50 Sts - Rockefeller Ctr",40.758663,-73.981329,0,2.25,"sB015"
"534","F","033","B10","57 St",40.763972,-73.97745,0,2.25,"sF033"
"535","F","034","B08","Lexington Av/63 St",40.764629,-73.966113,0,3.5,"s4032"
"536","F","035","B06","Roosevelt Island",40.759145,-73.95326,0,2.75,"sF035"
"537","F","036","B04","21 St - Queensbridge",40.754203,-73.942836,0,3.25,"sF036"
"538","F","037","G14","Jackson Hts - Roosevelt Av",40.746644,-73.891338,0,7.75,"s7015"
"539","F","038","G08","Forest Hills - 71 Av",40.721691,-73.844521,0,7.5,"sE026"
"540","F","039","F07","75 Av",40.718331,-73.837324,0,2,"sE027"
"541","F","04","F38","Avenue X",40.58962,-73.97425,0,2.5,"sF04"
"542","F","040","F06","Kew Gardens - Union Tpke",40.714441,-73.831008,0,1.5,"sE028"
"543","F","041","F05","Briarwood - Van Wyck Blvd",40.709179,-73.820574,0,2,"sE029"
"544","F","042","F04","Sutphin Blvd",40.70546,-73.810708,0,1.5,"sF042"
"545","F","043","F03","Parsons Blvd",40.707564,-73.803326,0,3.95,"sF043"
"546","F","044","F02","169 St",40.71047,-73.793604,0,7.14705882352941,"sF044"
"547","F","045","F01","Jamaica - 179 St",40.712646,-73.783817,0,5.07692307692308,"sF045"
"548","F","05","F36","Avenue U",40.596063,-73.973357,0,2,"sF05"
"549","F","06","F35","Kings Hwy",40.603217,-73.972361,0,3,"sF06"
"550","F","07","F34","Avenue P",40.608944,-73.973022,0,2.5,"sF07"
"551","F","08","F33","Avenue N",40.61514,-73.974197,0,1.5,"sF08"
"552","F","09","F32","Bay Pkwy",40.620769,-73.975264,0,1.75,"sF09"
"553","FS","01","D26","Prospect Park",40.661614,-73.962246,0,0,"sB06"
"554","FS","02","S04","Botanic Garden",40.670343,-73.959245,0,3,"s208"
"555","FS","03","S03","Park Pl",40.674772,-73.957624,0,2,"sFS03"
"556","FS","04","S01","Franklin Av",40.680596,-73.955827,0,2,"sA025"
"557","G","01","F27","Church Av",40.644041,-73.979678,0,0,"sF013"
"558","G","010","G36","Fulton St",40.687119,-73.975375,0,3,"sG010"
"559","G","011","G35","Clinton - Washington Avs",40.688089,-73.966839,0,1.5,"sG011"
"560","G","012","G34","Classon Av",40.688873,-73.96007,0,1.5,"sG012"
"561","G","013","G33","Bedford - Nostrand Avs",40.689627,-73.953522,0,1,"sG013"
"562","G","014","G32","Myrtle - Willoughby Avs",40.694568,-73.949046,0,1.75,"sG014"
"563","G","015","G31","Flushing Av",40.700377,-73.950234,0,1.25,"sG015"
"564","G","016","G30","Broadway",40.706092,-73.950308,0,1.25,"sG016"
"565","G","017","G29","Metropolitan Av",40.712792,-73.951418,0,1.25,"sG017"
"566","G","018","G28","Nassau Av",40.724635,-73.951277,0,3,"sG018"
"567","G","019","G26","Greenpoint Av",40.731352,-73.954449,0,1.25,"sG019"
"568","G","02","F26","Fort Hamilton Pkwy",40.650782,-73.975776,0,1.75,"sF014"
"569","G","020","G24","21 St",40.744065,-73.949724,0,2.75,"sG020"
"570","G","021","G22","Court Sq",40.746554,-73.943832,0,1,"s707"
"571","G","03","F25","15 St - Prospect Park",40.660365,-73.979493,0,3,"sF015"
"572","G","04","F24","7 Av",40.666271,-73.980305,0,2,"sF016"
"573","G","05","F23","4 Av",40.670272,-73.989779,0,2,"sF017"
"574","G","06","F22","Smith - 9 Sts",40.67358,-73.995959,0,1.75,"sF018"
"575","G","07","F21","Carroll St",40.680303,-73.995048,0,2,"sF019"
"576","G","08","F20","Bergen St",40.686145,-73.990862,0,1.75,"sF020"
"577","G","09","A42","Hoyt - Schermerhorn Sts",40.688484,-73.985001,0,3,"sA028"
"578","GS","01","901","Grand Central - 42 St",40.752769,-73.979189,0,0,"s4030"
"579","GS","02","902","Times Sq - 42 St",40.755983,-73.986229,0,1.5,"s1014"
"580","H","01","H15","Rockaway Park - Beach 116 St",40.580903,-73.835592,0,0,"sH01"
"581","H","02","H14","Beach 105 St",40.583209,-73.827559,0,2.25,"sH02"
"582","H","03","H13","Beach 98 St",40.585307,-73.820558,0,1.66666666666667,"sH03"
"583","H","04","H12","Beach 90 St",40.588034,-73.813641,0,1.75,"sH04"
"584","H","05","H04","Broad Channel",40.608382,-73.815925,0,5.5,"sA07"
"585","J","01","M23","Broad St",40.706476,-74.011056,0,0,"sJ01"
"586","J","010","M12","Flushing Av",40.70026,-73.941126,0,1.5,"sJ010"
"587","J","011","M11","Myrtle Av",40.697207,-73.935657,0,1.25,"sJ011"
"588","J","012","J31","Kosciuszko St",40.693342,-73.928814,0,1.75,"sJ012"
"589","J","013","J30","Gates Av",40.68963,-73.92227,0,1.5,"sJ013"
"590","J","014","J29","Halsey St",40.68637,-73.916559,0,1.5,"sJ014"
"591","J","015","J28","Chauncey St",40.682893,-73.910456,0,1.5,"sJ015"
"592","J","016","J27","Broadway Jct",40.679498,-73.904512,0,2.5,"sA019"
"593","J","017","J24","Alabama Av",40.676992,-73.898654,0,3,"sJ017"
"594","J","018","J23","Van Siclen Av",40.678024,-73.891688,0,1.5,"sJ018"
"595","J","019","J22","Cleveland St",40.679947,-73.884639,0,1.5,"sJ019"
"596","J","02","M22","Fulton St",40.710374,-74.007582,0,1.75,"s2018"
"597","J","020","J21","Norwood Av",40.68141,-73.880039,0,1,"sJ020"
"598","J","021","J20","Crescent St",40.683194,-73.873785,0,2,"sJ021"
"599","J","022","J19","Cypress Hills",40.689941,-73.87255,0,1.75,"sJ022"
"600","J","023","J17","75 St",40.691324,-73.867139,0,1.25,"sJ023"
"601","J","024","J16","85 St - Forest Pkwy",40.692435,-73.86001,0,1.5,"sJ024"
"602","J","025","J15","Woodhaven Blvd",40.693879,-73.851576,0,1.75,"sJ025"
"603","J","026","J14","104 St",40.695178,-73.84433,0,1.5,"sJ026"
"604","J","027","J13","111 St",40.697418,-73.836345,0,2,"sJ027"
"605","J","028","J12","121 St",40.700492,-73.828294,0,2,"sJ028"
"606","J","029","G06","Sutphin Blvd - Archer Av - JFK Airport",40.700486,-73.807969,0,4.5,"sE031"
"607","J","03","M21","Chambers St",40.713243,-74.003401,0,1.5,"s4021"
"608","J","030","G05","Jamaica Center - Parsons/Archer",40.702147,-73.801109,0,1,"sE032"
"609","J","04","M20","Canal St",40.718092,-73.999892,0,2,"s4022"
"610","J","05","M19","Bowery",40.72028,-73.993915,0,2,"sJ05"
"611","J","06","M18","Essex St",40.718315,-73.987437,0,2.75,"sF024"
"612","J","07","M16","Marcy Av",40.708359,-73.957757,0,8.83333333333333,"sJ07"
"613","J","08","M14","Hewes St",40.70687,-73.953431,0,2.16666666666667,"sJ08"
"614","J","09","M13","Lorimer St",40.703869,-73.947408,0,1.5,"sJ09"
"615","L","01","L29","Canarsie - Rockaway Pkwy",40.646654,-73.90185,0,0,"sL01"
"616","L","010","L19","Halsey St",40.695602,-73.904084,0,2.25,"sL010"
"617","L","011","L17","Myrtle - Wyckoff Avs",40.699814,-73.911586,0,2,"sL011"
"618","L","012","L16","DeKalb Av",40.703811,-73.918425,0,2,"sL012"
"619","L","013","L15","Jefferson St",40.706607,-73.922913,0,1.25,"sL013"
"620","L","014","L14","Morgan Av",40.706152,-73.933147,0,2.25,"sL014"
"621","L","015","L13","Montrose Av",40.707739,-73.93985,0,1.75,"sL015"
"622","L","016","L12","Grand St",40.711926,-73.94067,0,1,"sL016"
"623","L","017","L11","Graham Av",40.714565,-73.944053,0,1.25,"sL017"
"624","L","018","L10","Lorimer St",40.714063,-73.950275,0,1.5,"sG017"
"625","L","019","L08","Bedford Av",40.717304,-73.956872,0,2,"sL019"
"626","L","02","L28","E 105 St",40.650573,-73.899485,0,2,"sL02"
"627","L","020","L06","1 Av",40.730953,-73.981628,0,4,"sL020"
"628","L","021","L05","3 Av",40.732849,-73.986122,0,1,"sL021"
"629","L","022","L03","Union Sq - 14 St",40.734789,-73.99073,0,2.375,"s4026"
"630","L","023","L02","6 Av",40.737335,-73.996786,0,3.375,"s109"
"631","L","024","L01","8 Av",40.739777,-74.002578,0,1.25,"sA036"
"632","L","03","L27","New Lots Av",40.658733,-73.899232,0,2.5,"sL03"
"633","L","04","L26","Livonia Av",40.664038,-73.900571,0,1.5,"s304"
"634","L","05","L25","Sutter Av",40.669367,-73.901975,0,1.5,"sL05"
"635","L","06","L24","Atlantic Av",40.675345,-73.903097,0,1.5,"sL06"
"636","L","07","L22","Broadway Jct",40.678856,-73.90324,0,2.75,"sA019"
"637","L","08","L21","Bushwick Av - Aberdeen St",40.682829,-73.905249,0,2.25,"sL08"
"638","L","09","L20","Wilson Av",40.688764,-73.904046,0,1.5,"sL09"
"639","M","01","M01","Middle Village - Metropolitan Av",40.711396,-73.889601,0,0,"sM01"
"640","M","010","M13","Lorimer St",40.703869,-73.947408,0,105,"sJ09"
"641","M","011","M14","Hewes St",40.70687,-73.953431,0,75,"sJ08"
"642","M","012","M16","Marcy Av",40.708359,-73.957757,0,90,"sJ07"
"643","M","013","M18","Essex St",40.718315,-73.987437,0,510,"sF024"
"644","M","014","D21","Broadway-Lafayette St",40.725297,-73.996204,0,240,"s4024"
"645","M","015","D20","W 4 St",40.732338,-74.000495,0,195,"sA035"
"646","M","016","D19","14 St",40.738228,-73.996209,0,90,"s109"
"647","M","017","D18","23 St",40.742878,-73.992821,0,90,"sF029"
"648","M","018","D17","34 St - Herald Sq",40.749719,-73.987823,0,105,"sB013"
"649","M","019","D16","42 St - Bryant Pk",40.754222,-73.984569,0,90,"s703"
"650","M","02","M04","Fresh Pond Rd",40.706186,-73.895877,0,120,"sM02"
"651","M","020","D15","47-50 Sts - Rockefeller Ctr",40.758663,-73.981329,0,150,"sB015"
"652","M","021","F12","5 Av/53 St",40.760167,-73.975224,0,210,"sE011"
"653","M","022","F11","Lexington Av/53 St",40.757552,-73.969055,0,180,"s4031"
"654","M","023","F09","Court Sq",40.747846,-73.946,0,210,"s707"
"655","M","024","G21","Queens Plaza",40.748973,-73.937243,0,135,"sE014"
"656","M","025","G20","36 St",40.752039,-73.928781,0,150,"sE015"
"657","M","026","G19","Steinway St",40.756879,-73.92074,0,135,"sE016"
"658","M","027","G18","46 St",40.756312,-73.913333,0,105,"sE017"
"659","M","028","G16","Northern Blvd",40.752885,-73.906006,0,90,"sE018"
"660","M","029","G15","65 St",40.749669,-73.898453,0,75,"sE019"
"661","M","03","M05","Forest Av",40.704423,-73.903077,0,105,"sM03"
"662","M","030","G14","Jackson Hts - Roosevelt Av",40.746644,-73.891338,0,272.727272727273,"s7015"
"663","M","031","G13","Elmhurst Av",40.742454,-73.882017,0,290,"sE021"
"664","M","032","G12","Grand Av - Newtown",40.737015,-73.877223,0,90,"sE022"
"665","M","033","G11","Woodhaven Blvd",40.733106,-73.869229,0,105,"sE023"
"666","M","034","G10","63 Dr - Rego Park",40.729846,-73.861604,0,75,"sE024"
"667","M","035","G09","67 Av",40.726523,-73.852719,0,105,"sE025"
"668","M","036","G08","Forest Hills - 71 Av",40.721691,-73.844521,0,105,"sE026"
"669","M","04","M06","Seneca Av",40.702762,-73.90774,0,60,"sM04"
"670","M","05","M08","Myrtle - Wyckoff Avs",40.69943,-73.912385,0,90,"sL011"
"671","M","06","M09","Knickerbocker Av",40.698664,-73.919711,0,120,"sM06"
"672","M","07","M10","Central Av",40.697857,-73.927397,0,120,"sM07"
"673","M","08","M11","Myrtle Av",40.697207,-73.935657,0,165,"sJ011"
"674","M","09","M12","Flushing Av",40.70026,-73.941126,0,135,"sJ010"
"675","N","01","D43","Coney Island - Stillwell Av",40.577422,-73.981233,0,0,"sD01"
"676","N","010","N02","8 Av",40.635064,-74.011719,0,60,"sN010"
"677","N","011","R41","59 St",40.641362,-74.017881,0,180,"sN011"
"678","N","012","R40","53 St",40.645069,-74.014034,0,90,"sN012"
"679","N","013","R39","45 St",40.648939,-74.010006,0,90,"sN013"
"680","N","014","R36","36 St",40.655144,-74.003549,0,150,"sD014"
"681","N","015","R35","25 St",40.660397,-73.998091,0,90,"sD015"
"682","N","016","R34","Prospect Av",40.665414,-73.992872,0,90,"sD016"
"683","N","017","R33","9 St",40.670847,-73.988302,0,120,"sF017"
"684","N","018","R32","Union St",40.677316,-73.98311,0,90,"sD018"
"685","N","019","R31","Atlantic Av - Barclays Ctr",40.683666,-73.97881,0,120,"s2012"
"686","N","02","N10","86 St",40.592721,-73.97823,0,240,"sN02"
"687","N","020","R30","DeKalb Av",40.690635,-73.981824,0,240,"sB09"
"688","N","021","R29","Jay St - MetroTech",40.69218,-73.985942,0,150,"sA029"
"689","N","022","R28","Court St",40.6941,-73.991777,0,90,"s2015"
"690","N","023","R27","Whitehall St",40.703087,-74.012994,0,150.666666666667,"s101"
"691","N","024","R26","Rector St",40.70722,-74.013342,0,90,"sN024"
"692","N","025","R25","Cortlandt St",40.710668,-74.011029,0,90,"sN025"
"693","N","026","R24","City Hall",40.713282,-74.006978,0,90,"sN026"
"694","N","027","R23","Canal St",40.719527,-74.001775,0,180,"s4022"
"695","N","028","R22","Prince St",40.724329,-73.997702,0,120,"sN028"
"696","N","029","R21","8 St - NYU",40.730328,-73.992629,0,105,"sN029"
"697","N","03","N09","Avenue U",40.597473,-73.979137,0,60,"sN03"
"698","N","030","R20","14 St - Union Sq",40.735736,-73.990568,0,90,"s4026"
"699","N","031","R19","23 St",40.741303,-73.989344,0,90,"sN031"
"700","N","032","R18","28 St",40.745494,-73.988691,0,60,"sN032"
"701","N","033","R17","34 St - Herald Sq",40.749567,-73.98795,0,60,"sB013"
"702","N","034","R16","Times Sq - 42 St",40.754672,-73.986754,0,90,"s1014"
"703","N","035","R15","49 St",40.759901,-73.984139,0,90,"sN035"
"704","N","036","R14","57 St - 7 Av",40.764664,-73.980658,0,90,"sN036"
"705","N","037","R13","5 Av/59 St",40.764811,-73.973347,0,150,"sN037"
"706","N","038","R11","Lexington Av/59 St",40.76266,-73.967258,0,90,"s4032"
"707","N","039","R09","Queensboro Plaza",40.750582,-73.940202,0,394.285714285714,"s708"
"708","N","04","N08","Kings Hwy",40.603923,-73.980353,0,90,"sN04"
"709","N","040","R08","39 Av",40.752882,-73.932755,0,244.285714285714,"sN040"
"710","N","041","R06","36 Av",40.756804,-73.929575,0,60,"sN041"
"711","N","042","R05","Broadway",40.76182,-73.925508,0,120,"sN042"
"712","N","043","R04","30 Av",40.766779,-73.921479,0,90,"sN043"
"713","N","044","R03","Astoria Blvd",40.770258,-73.917843,0,90,"sN044"
"714","N","045","R01","Astoria - Ditmars Blvd",40.775036,-73.912034,0,90,"sN045"
"715","N","05","N07","Bay Pkwy",40.611815,-73.981848,0,120,"sN05"
"716","N","06","N06","20 Av",40.61741,-73.985026,0,90,"sN06"
"717","N","07","N05","18 Av",40.620671,-73.990414,0,60,"sN07"
"718","N","08","N04","New Utrecht Av",40.624842,-73.996353,0,90,"sD09"
"719","N","09","N03","Fort Hamilton Pkwy",40.631386,-74.005351,0,150,"sN09"
"720","Q","01","D43","Coney Island - Stillwell Av",40.577422,-73.981233,0,0,"sD01"
"721","Q","010","D33","Avenue J",40.625039,-73.960803,0,105,"sQ010"
"722","Q","011","D32","Avenue H",40.62927,-73.961639,0,75,"sQ011"
"723","Q","012","D31","Newkirk Plaza",40.635082,-73.962793,0,75,"sB04"
"724","Q","013","D30","Cortelyou Rd",40.640927,-73.963891,0,90,"sQ013"
"725","Q","014","D29","Beverley Rd",40.644031,-73.964492,0,45,"sQ014"
"726","Q","015","D28","Church Av",40.650527,-73.962982,0,90,"sB05"
"727","Q","016","D27","Parkside Av",40.655292,-73.961495,0,90,"sQ016"
"728","Q","017","D26","Prospect Park",40.661614,-73.962246,0,200,"sB06"
"729","Q","018","D25","7 Av",40.67705,-73.972367,0,257.142857142857,"sB07"
"730","Q","019","D24","Atlantic Av - Barclays Ctr",40.68446,-73.97689,0,135,"s2012"
"731","Q","02","D42","W 8 St - NY Aquarium",40.576127,-73.975939,0,90,"sF02"
"732","Q","020","R30","DeKalb Av",40.690635,-73.981824,0,140,"sB09"
"733","Q","021","Q01","Canal St",40.718383,-74.00046,0,540,"s4022"
"734","Q","022","R20","14 St - Union Sq",40.735736,-73.990568,0,306,"s4026"
"735","Q","023","R17","34 St - Herald Sq",40.749567,-73.98795,0,240,"sB013"
"736","Q","024","R16","Times Sq - 42 St",40.754672,-73.986754,0,165,"s1014"
"737","Q","025","R15","49 St",40.759901,-73.984139,0,90,"sN035"
"738","Q","026","R14","57 St - 7 Av",40.764664,-73.980658,0,105,"sN036"
"739","Q","027","R13","5 Av/59 St",40.764811,-73.973347,0,165,"sN037"
"740","Q","028","R11","Lexington Av/59 St",40.76266,-73.967258,0,105,"s4032"
"741","Q","029","R09","Queensboro Plaza",40.750582,-73.940202,0,360,"s708"
"742","Q","03","D41","Ocean Pkwy",40.576312,-73.968501,0,90,"sQ03"
"743","Q","030","R08","39 Av",40.752882,-73.932755,0,210,"sN040"
"744","Q","031","R06","36 Av",40.756804,-73.929575,0,75,"sN041"
"745","Q","032","R05","Broadway",40.76182,-73.925508,0,105,"sN042"
"746","Q","033","R04","30 Av",40.766779,-73.921479,0,105,"sN043"
"747","Q","034","R03","Astoria Blvd",40.770258,-73.917843,0,75,"sN044"
"748","Q","035","R01","Astoria - Ditmars Blvd",40.775036,-73.912034,0,105,"sN045"
"749","Q","04","D40","Brighton Beach",40.577621,-73.961376,0,120,"sB01"
"750","Q","05","D39","Sheepshead Bay",40.586896,-73.954155,0,120,"sB02"
"751","Q","06","D38","Neck Rd",40.595246,-73.955161,0,135,"sQ06"
"752","Q","07","D37","Avenue U",40.5993,-73.955929,0,60,"sQ07"
"753","Q","08","D35","Kings Hwy",40.60867,-73.957734,0,165,"sB03"
"754","Q","09","D34","Avenue M",40.617618,-73.959399,0,165,"sQ09"
"755","R","01","R45","Bay Ridge - 95 St",40.616622,-74.030876,0,0,"sR01"
"756","R","010","R34","Prospect Av",40.665414,-73.992872,0,1.5,"sD016"
"757","R","011","R33","9 St",40.670847,-73.988302,0,1.75,"sF017"
"758","R","012","R32","Union St",40.677316,-73.98311,0,1.75,"sD018"
"759","R","013","R31","Atlantic Av - Barclays Ctr",40.683666,-73.97881,0,3,"s2012"
"760","R","014","R30","DeKalb Av",40.690635,-73.981824,0,4.33333333333333,"sB09"
"761","R","015","R29","Jay St - MetroTech",40.69218,-73.985942,0,2.5,"sA029"
"762","R","016","R28","Court St",40.6941,-73.991777,0,1.75,"s2015"
"763","R","017","R27","Whitehall St",40.703087,-74.012994,0,4.16666666666667,"s101"
"764","R","018","R26","Rector St",40.70722,-74.013342,0,2.16666666666667,"sN024"
"765","R","019","R25","Cortlandt St",40.710668,-74.011029,0,1.25,"sN025"
"766","R","02","R44","86 St",40.622687,-74.028398,0,1.75,"sR02"
"767","R","020","R24","City Hall",40.713282,-74.006978,0,1.75,"sN026"
"768","R","021","R23","Canal St",40.719527,-74.001775,0,3.5,"s4022"
"769","R","022","R22","Prince St",40.724329,-73.997702,0,2.5,"sN028"
"770","R","023","R21","8 St - NYU",40.730328,-73.992629,0,1.875,"sN029"
"771","R","024","R20","14 St - Union Sq",40.735736,-73.990568,0,1.5,"s4026"
"772","R","025","R19","23 St",40.741303,-73.989344,0,1.75,"sN031"
"773","R","026","R18","28 St",40.745494,-73.988691,0,1.25,"sN032"
"774","R","027","R17","34 St - Herald Sq",40.749567,-73.98795,0,2.25,"sB013"
"775","R","028","R16","Times Sq - 42 St",40.754672,-73.986754,0,2.75,"s1014"
"776","R","029","R15","49 St",40.759901,-73.984139,0,1.5,"sN035"
"777","R","03","R43","77 St",40.629742,-74.02551,0,2,"sR03"
"778","R","030","R14","57 St - 7 Av",40.764664,-73.980658,0,1.75,"sN036"
"779","R","031","R13","5 Av/59 St",40.764811,-73.973347,0,2.75,"sN037"
"780","R","032","R11","Lexington Av/59 St",40.76266,-73.967258,0,1.75,"s4032"
"781","R","033","G21","Queens Plaza",40.748973,-73.937243,0,8,"sE014"
"782","R","034","G20","36 St",40.752039,-73.928781,0,3.25,"sE015"
"783","R","035","G19","Steinway St",40.756879,-73.92074,0,2,"sE016"
"784","R","036","G18","46 St",40.756312,-73.913333,0,1.75,"sE017"
"785","R","037","G16","Northern Blvd",40.752885,-73.906006,0,1.5,"sE018"
"786","R","038","G15","65 St",40.749669,-73.898453,0,1.25,"sE019"
"787","R","039","G14","Jackson Hts - Roosevelt Av",40.746644,-73.891338,0,4.27777777777778,"s7015"
"788","R","04","R42","Bay Ridge Av",40.634967,-74.023377,0,1.5,"sR04"
"789","R","040","G13","Elmhurst Av",40.742454,-73.882017,0,4.54166666666667,"sE021"
"790","R","041","G12","Grand Av - Newtown",40.737015,-73.877223,0,1.5,"sE022"
"791","R","042","G11","Woodhaven Blvd",40.733106,-73.869229,0,1.75,"sE023"
"792","R","043","G10","63 Dr - Rego Park",40.729846,-73.861604,0,1.25,"sE024"
"793","R","044","G09","67 Av",40.726523,-73.852719,0,1.75,"sE025"
"794","R","045","G08","Forest Hills - 71 Av",40.721691,-73.844521,0,1.75,"sE026"
"795","R","05","R41","59 St",40.641362,-74.017881,0,3,"sN011"
"796","R","06","R40","53 St",40.645069,-74.014034,0,2.66666666666667,"sN012"
"797","R","07","R39","45 St",40.648939,-74.010006,0,1.5,"sN013"
"798","R","08","R36","36 St",40.655144,-74.003549,0,3.5,"sD014"
"799","R","09","R35","25 St",40.660397,-73.998091,0,2.33333333333333,"sD015"
"800","SI","01","S09","Tottenville",40.512764,-74.251961,0,0,"sSI01"
"801","SI","010","S19","Great Kills",40.551231,-74.151399,0,2,"sSI010"
"802","SI","011","S20","Bay Terrace",40.5564,-74.136907,0,2,"sSI011"
"803","SI","012","S21","Oakwood Heights",40.56511,-74.12632,0,2,"sSI012"
"804","SI","013","S22","New Dorp",40.57348,-74.11721,0,2,"sSI013"
"805","SI","014","S23","Grant City",40.578965,-74.109704,0,2,"sSI014"
"806","SI","015","S24","Jefferson Av",40.583591,-74.103338,0,1,"sSI015"
"807","SI","016","S25","Dongan Hills",40.588849,-74.09609,0,2,"sSI016"
"808","SI","017","S26","Old Town",40.596612,-74.087368,0,2,"sSI017"
"809","SI","018","S27","Grasmere",40.603117,-74.084087,0,2,"sSI018"
"810","SI","019","S28","Clifton",40.621319,-74.071402,0,3,"sSI019"
"811","SI","02","S10","Atlantic",40.515401,-74.245689,0,2,"sSI02"
"812","SI","020","S29","Stapleton",40.627915,-74.075162,0,2,"sSI020"
"813","SI","021","S30","Tompkinsville",40.636949,-74.074835,0,2,"sSI021"
"814","SI","022","S31","St George",40.643748,-74.073643,0,3,"sSI022"
"815","SI","03","S12","Nassau",40.517812,-74.238373,0,1,"sSI03"
"816","SI","04","S13","Richmond Valley",40.519631,-74.229141,0,2,"sSI04"
"817","SI","05","S14","Pleasant Plains",40.52241,-74.217847,0,2,"sSI05"
"818","SI","06","S15","Prince's Bay",40.525507,-74.200064,0,2,"sSI06"
"819","SI","07","S16","Huguenot",40.533674,-74.191794,0,2,"sSI07"
"820","SI","08","S17","Annadale",40.54046,-74.178217,0,2,"sSI08"
"821","SI","09","S18","Eltingville",40.544601,-74.16457,0,2,"sSI09"
"822","Z","01","M23","Broad St",40.706476,-74.011056,0,0,"sJ01"
"823","Z","010","J28","Chauncey St",40.682893,-73.910456,0,2.5,"sJ015"
"824","Z","011","J27","Broadway Jct",40.679498,-73.904512,0,1.25,"sA019"
"825","Z","012","J24","Alabama Av",40.676992,-73.898654,0,1.5,"sJ017"
"826","Z","013","J23","Van Siclen Av",40.678024,-73.891688,0,1,"sJ018"
"827","Z","014","J21","Norwood Av",40.68141,-73.880039,0,2.5,"sJ020"
"828","Z","015","J20","Crescent St",40.683194,-73.873785,0,1.5,"sJ021"
"829","Z","016","J17","75 St",40.691324,-73.867139,0,2.5,"sJ023"
"830","Z","017","J15","Woodhaven Blvd",40.693879,-73.851576,0,3,"sJ025"
"831","Z","018","J14","104 St",40.695178,-73.84433,0,1.5,"sJ026"
"832","Z","019","J12","121 St",40.700492,-73.828294,0,3,"sJ028"
"833","Z","02","M22","Fulton St",40.710374,-74.007582,0,2,"s2018"
"834","Z","020","G06","Sutphin Blvd - Archer Av - JFK Airport",40.700486,-73.807969,0,4,"sE031"
"835","Z","021","G05","Jamaica Center - Parsons/Archer",40.702147,-73.801109,0,1,"sE032"
"836","Z","03","M21","Chambers St",40.713243,-74.003401,0,2,"s4021"
"837","Z","04","M20","Canal St",40.718092,-73.999892,0,2,"s4022"
"838","Z","05","M19","Bowery",40.72028,-73.993915,0,2.25,"sJ05"
"839","Z","06","M18","Essex St",40.718315,-73.987437,0,2,"sF024"
"840","Z","07","M16","Marcy Av",40.708359,-73.957757,0,7.5,"sJ07"
"841","Z","08","M11","Myrtle Av",40.697207,-73.935657,0,4.5,"sJ011"
"842","Z","09","J30","Gates Av",40.68963,-73.92227,0,3.5,"sJ013"
